SampleID	BarcodeSequence	LinkerPrimerSequence	Plot	Altitud	Compartment	Edad	Edad_Compartment	Plots_Edad_Compartment	Plot_Edad_Compartment	Description	Planta
A1.1.6.A1	TAAGGCGATAGATCGC	GACTACHVGGGTATCTAATCC	A1	A	Aereo	1mes	Aereo_1mes	A_Aereo_1mes	Aereo_1mes_A1	1	A1.1.6
A1.1.6.R1	TAAGGCGACTCTCTAT	GACTACHVGGGTATCTAATCC	A1	A	Raiz	1mes	Raiz_1mes	A_Raiz_1mes	Raiz_1mes_A1	2	A1.1.6
A1.4.3.A	TAAGGCGATATCCTCT	GACTACHVGGGTATCTAATCC	A1	A	Aereo	1mes	Aereo_1mes	A_Aereo_1mes	Aereo_1mes_A1	3	A1.4.3
A1.4.3.R	TAAGGCGAAGAGTAGA	GACTACHVGGGTATCTAATCC	A1	A	Raiz	1mes	Raiz_1mes	A_Raiz_1mes	Raiz_1mes_A1	4	A1.4.3
A1.5.6.A1	TAAGGCGAGTAAGGAG	GACTACHVGGGTATCTAATCC	A1	A	Aereo	1mes	Aereo_1mes	A_Aereo_1mes	Aereo_1mes_A1	5	A1.5.6
A1.5.6.R1	TAAGGCGAACTGCATA	GACTACHVGGGTATCTAATCC	A1	A	Raiz	1mes	Raiz_1mes	A_Raiz_1mes	Raiz_1mes_A1	6	A1.5.6
A1.8.7.A1	TAAGGCGAAAGGAGTA	GACTACHVGGGTATCTAATCC	A1	A	Aereo	1mes	Aereo_1mes	A_Aereo_1mes	Aereo_1mes_A1	7	A1.8.7
A1.8.7.R1	TAAGGCGACTAAGCCT	GACTACHVGGGTATCTAATCC	A1	A	Raiz	1mes	Raiz_1mes	A_Raiz_1mes	Raiz_1mes_A1	8	A1.8.7
A1.8.7.35bA	TAGGCATGGTAAGGAG	GACTACHVGGGTATCTAATCC	A1	A	Aereo	5meses	Aereo_5meses	A_Aereo_5meses	Aereo_5meses_A1	122	A1.8.7.1
A1.8.7.b	CTCTCTACAGAGTAGA	GACTACHVGGGTATCTAATCC	A1	A	Rhizoplano	5meses	Rhizoplano_5meses	A_Rhizoplano_5meses	Rhizoplano_5meses_A1	52	A1.8.7.1
A1.8.7.bR	AGGCAGAACTCTCTAT	GACTACHVGGGTATCTAATCC	A1	A	Raiz	5meses	Raiz_5meses	A_Raiz_5meses	Raiz_5meses_A1	95	A1.8.7.1
A1.8.7.35a	CTCTCTACTATCCTCT	GACTACHVGGGTATCTAATCC	A1	A	Rhizoplano	5meses	Rhizoplano_5meses	A_Rhizoplano_5meses	Rhizoplano_5meses_A1	51	A1.8.7.2
A1.8.7.35aA	TAGGCATGCTCTCTAT	GACTACHVGGGTATCTAATCC	A1	A	Aereo	5meses	Aereo_5meses	A_Aereo_5meses	Aereo_5meses_A1	119	A1.8.7.2
A1.8.7.aR	CGTACTAGAAGGAGTA	GACTACHVGGGTATCTAATCC	A1	A	Raiz	5meses	Raiz_5meses	A_Raiz_5meses	Raiz_5meses_A1	92	A1.8.7.2
A2.1.2.	CTCTCTACGTAAGGAG	GACTACHVGGGTATCTAATCC	A2	A	Rhizoplano	5meses	Rhizoplano_5meses	A_Rhizoplano_5meses	Rhizoplano_5meses_A2	53	A2.1.2
A2.1.2.35A	TAGGCATGTATCCTCT	GACTACHVGGGTATCTAATCC	A2	A	Aereo	5meses	Aereo_5meses	A_Aereo_5meses	Aereo_5meses_A2	120	A2.1.2
A2.1.2.R	CGTACTAGCTAAGCCT	GACTACHVGGGTATCTAATCC	A2	A	Raiz	5meses	Raiz_5meses	A_Raiz_5meses	Raiz_5meses_A2	93	A2.1.2
A2.1.2.A1	CGTACTAGTAGATCGC	GACTACHVGGGTATCTAATCC	A2	A	Aereo	1mes	Aereo_1mes	A_Aereo_1mes	Aereo_1mes_A2	9	A2.1.2.1
A2.1.2.R1	CGTACTAGCTCTCTAT	GACTACHVGGGTATCTAATCC	A2	A	Raiz	1mes	Raiz_1mes	A_Raiz_1mes	Raiz_1mes_A2	10	A2.1.2.1
A2.2.5.A1	CGTACTAGTATCCTCT	GACTACHVGGGTATCTAATCC	A2	A	Aereo	1mes	Aereo_1mes	A_Aereo_1mes	Aereo_1mes_A2	11	A2.2.5
A2.2.5.R1	CGTACTAGAGAGTAGA	GACTACHVGGGTATCTAATCC	A2	A	Raiz	1mes	Raiz_1mes	A_Raiz_1mes	Raiz_1mes_A2	12	A2.2.5
A2.2.5.35cA	TAGGCATGACTGCATA	GACTACHVGGGTATCTAATCC	A2	A	Aereo	5meses	Aereo_5meses	A_Aereo_5meses	Aereo_5meses_A2	123	A2.2.5.1
A2.2.5.c	CTCTCTACCTAAGCCT	GACTACHVGGGTATCTAATCC	A2	A	Rhizoplano	5meses	Rhizoplano_5meses	A_Rhizoplano_5meses	Rhizoplano_5meses_A2	56	A2.2.5.1
A2.2.5.cR	AGGCAGAATATCCTCT	GACTACHVGGGTATCTAATCC	A2	A	Raiz	5meses	Raiz_5meses	A_Raiz_5meses	Raiz_5meses_A2	96	A2.2.5.1
A2.2.5.35bA	GGACTCCTCTAAGCCT	GACTACHVGGGTATCTAATCC	A2	A	Aereo	5meses	Aereo_5meses	A_Aereo_5meses	Aereo_5meses_A2	117	A2.2.5.2
A2.2.5.a	CTCTCTACACTGCATA	GACTACHVGGGTATCTAATCC	A2	A	Rhizoplano	5meses	Rhizoplano_5meses	A_Rhizoplano_5meses	Rhizoplano_5meses_A2	54	A2.2.5.2
A2.2.5.aR	CGTACTAGACTGCATA	GACTACHVGGGTATCTAATCC	A2	A	Raiz	5meses	Raiz_5meses	A_Raiz_5meses	Raiz_5meses_A2	91	A2.2.5.2
A2.2.5.35aA	TAGGCATGTAGATCGC	GACTACHVGGGTATCTAATCC	A2	A	Aereo	5meses	Aereo_5meses	A_Aereo_5meses	Aereo_5meses_A2	118	A2.2.5.3
A2.2.5.b	CTCTCTACAAGGAGTA	GACTACHVGGGTATCTAATCC	A2	A	Rhizoplano	5meses	Rhizoplano_5meses	A_Rhizoplano_5meses	Rhizoplano_5meses_A2	55	A2.2.5.3
A2.2.5.bR	CGTACTAGGTAAGGAG	GACTACHVGGGTATCTAATCC	A2	A	Raiz	5meses	Raiz_5meses	A_Raiz_5meses	Raiz_5meses_A2	90	A2.2.5.3
A2.3.3.A1	CGTACTAGGTAAGGAG	GACTACHVGGGTATCTAATCC	A2	A	Aereo	1mes	Aereo_1mes	A_Aereo_1mes	Aereo_1mes_A2	13	A2.3.3
A2.3.3.R1	CGTACTAGACTGCATA	GACTACHVGGGTATCTAATCC	A2	A	Raiz	1mes	Raiz_1mes	A_Raiz_1mes	Raiz_1mes_A2	14	A2.3.3
A2.5.6.36A	TCCTGAGCAGAGTAGA	GACTACHVGGGTATCTAATCC	A2	A	Aereo	5meses	Aereo_5meses	A_Aereo_5meses	Aereo_5meses_A2	105	A2.6.5
A2.6.5.	CAGAGAGGCTCTCTAT	GACTACHVGGGTATCTAATCC	A2	A	Rhizoplano	5meses	Rhizoplano_5meses	A_Rhizoplano_5meses	Rhizoplano_5meses_A2	58	A2.6.5
A2.6.5.36R	TAAGGCGATAGATCGC	GACTACHVGGGTATCTAATCC	A2	A	Raiz	5meses	Raiz_5meses	A_Raiz_5meses	Raiz_5meses_A2	78	A2.6.5
A2.9.3.A	CGTACTAGAAGGAGTA	GACTACHVGGGTATCTAATCC	A2	A	Aereo	1mes	Aereo_1mes	A_Aereo_1mes	Aereo_1mes_A2	15	A2.9.3
A2.9.3.R	CGTACTAGCTAAGCCT	GACTACHVGGGTATCTAATCC	A2	A	Raiz	1mes	Raiz_1mes	A_Raiz_1mes	Raiz_1mes_A2	16	A2.9.3
A2.9.3.	CAGAGAGGTAGATCGC	GACTACHVGGGTATCTAATCC	A2	A	Rhizoplano	5meses	Rhizoplano_5meses	A_Rhizoplano_5meses	Rhizoplano_5meses_A2	57	A2.9.3.5
A2.9.3.35A	TCCTGAGCACTGCATA	GACTACHVGGGTATCTAATCC	A2	A	Aereo	5meses	Aereo_5meses	A_Aereo_5meses	Aereo_5meses_A2	107	A2.9.3.5
A2.9.3.35R	TAAGGCGATATCCTCT	GACTACHVGGGTATCTAATCC	A2	A	Raiz	5meses	Raiz_5meses	A_Raiz_5meses	Raiz_5meses_A2	80	A2.9.3.5
A3.2.9.36A	TAGGCATGCTAAGCCT	GACTACHVGGGTATCTAATCC	A3	A	Aereo	5meses	Aereo_5meses	A_Aereo_5meses	Aereo_5meses_A3	125	A3.2.9
A3.2.9.e	CAGAGAGGAAGGAGTA	GACTACHVGGGTATCTAATCC	A3	A	Rhizoplano	5meses	Rhizoplano_5meses	A_Rhizoplano_5meses	Rhizoplano_5meses_A3	63	A3.2.9
A3.2.9.R	AGGCAGAAGTAAGGAG	GACTACHVGGGTATCTAATCC	A3	A	Raiz	5meses	Raiz_5meses	A_Raiz_5meses	Raiz_5meses_A3	98	A3.2.9
A3.2.9.35aA	TCCTGAGCGTAAGGAG	GACTACHVGGGTATCTAATCC	A3	A	Aereo	5meses	Aereo_5meses	A_Aereo_5meses	Aereo_5meses_A3	106	A3.2.9.1
A3.2.9.35aR	TAAGGCGACTCTCTAT	GACTACHVGGGTATCTAATCC	A3	A	Raiz	5meses	Raiz_5meses	A_Raiz_5meses	Raiz_5meses_A3	79	A3.2.9.1
A3.2.9.a	CAGAGAGGTATCCTCT	GACTACHVGGGTATCTAATCC	A3	A	Rhizoplano	5meses	Rhizoplano_5meses	A_Rhizoplano_5meses	Rhizoplano_5meses_A3	59	A3.2.9.1
A3.2.9.A1	AGGCAGAATAGATCGC	GACTACHVGGGTATCTAATCC	A3	A	Aereo	1mes	Aereo_1mes	A_Aereo_1mes	Aereo_1mes_A3	17	A3.2.9.1.X
A3.2.9.R1	AGGCAGAACTCTCTAT	GACTACHVGGGTATCTAATCC	A3	A	Raiz	1mes	Raiz_1mes	A_Raiz_1mes	Raiz_1mes_A3	18	A3.2.9.1.X
A3.2.9.35dA	TAGGCATGAAGGAGTA	GACTACHVGGGTATCTAATCC	A3	A	Aereo	5meses	Aereo_5meses	A_Aereo_5meses	Aereo_5meses_A3	124	A3.2.9.2
A3.2.9.d	CAGAGAGGACTGCATA	GACTACHVGGGTATCTAATCC	A3	A	Rhizoplano	5meses	Rhizoplano_5meses	A_Rhizoplano_5meses	Rhizoplano_5meses_A3	62	A3.2.9.2
A3.2.9.dR	AGGCAGAAAGAGTAGA	GACTACHVGGGTATCTAATCC	A3	A	Raiz	5meses	Raiz_5meses	A_Raiz_5meses	Raiz_5meses_A3	97	A3.2.9.2
A3.2.9.35bA	TCCTGAGCCTAAGCCT	GACTACHVGGGTATCTAATCC	A3	A	Aereo	5meses	Aereo_5meses	A_Aereo_5meses	Aereo_5meses_A3	109	A3.2.9.3
A3.2.9.b	CAGAGAGGAGAGTAGA	GACTACHVGGGTATCTAATCC	A3	A	Rhizoplano	5meses	Rhizoplano_5meses	A_Rhizoplano_5meses	Rhizoplano_5meses_A3	60	A3.2.9.3
A3.2.9.b35R	TAAGGCGAGTAAGGAG	GACTACHVGGGTATCTAATCC	A3	A	Raiz	5meses	Raiz_5meses	A_Raiz_5meses	Raiz_5meses_A3	82	A3.2.9.3
A3.2.9.35cA	TCCTGAGCAAGGAGTA	GACTACHVGGGTATCTAATCC	A3	A	Aereo	5meses	Aereo_5meses	A_Aereo_5meses	Aereo_5meses_A3	108	A3.2.9.4
A3.2.9.35cR	TAAGGCGAAGAGTAGA	GACTACHVGGGTATCTAATCC	A3	A	Raiz	5meses	Raiz_5meses	A_Raiz_5meses	Raiz_5meses_A3	81	A3.2.9.4
A3.2.9.c	CAGAGAGGGTAAGGAG	GACTACHVGGGTATCTAATCC	A3	A	Rhizoplano	5meses	Rhizoplano_5meses	A_Rhizoplano_5meses	Rhizoplano_5meses_A3	61	A3.2.9.4
A3.4.5.A	AGGCAGAATATCCTCT	GACTACHVGGGTATCTAATCC	A3	A	Aereo	1mes	Aereo_1mes	A_Aereo_1mes	Aereo_1mes_A3	19	A3.4.5
A3.4.5.R	AGGCAGAAAGAGTAGA	GACTACHVGGGTATCTAATCC	A3	A	Raiz	1mes	Raiz_1mes	A_Raiz_1mes	Raiz_1mes_A3	20	A3.4.5
A3.4.6.	CAGAGAGGCTAAGCCT	GACTACHVGGGTATCTAATCC	A3	A	Rhizoplano	5meses	Rhizoplano_5meses	A_Rhizoplano_5meses	Rhizoplano_5meses_A3	64	A3.4.6
A3.4.6.36A	CTCTCTACGTAAGGAG	GACTACHVGGGTATCTAATCC	A3	A	Aereo	5meses	Aereo_5meses	A_Aereo_5meses	Aereo_5meses_A3	130	A3.4.6
A3.4.6.R	TCCTGAGCCTCTCTAT	GACTACHVGGGTATCTAATCC	A3	A	Raiz	5meses	Raiz_5meses	A_Raiz_5meses	Raiz_5meses_A3	103	A3.4.6
A3.6.7.A	AGGCAGAAGTAAGGAG	GACTACHVGGGTATCTAATCC	A3	A	Aereo	1mes	Aereo_1mes	A_Aereo_1mes	Aereo_1mes_A3	21	A3.6.7
A3.6.7.R	AGGCAGAAACTGCATA	GACTACHVGGGTATCTAATCC	A3	A	Raiz	1mes	Raiz_1mes	A_Raiz_1mes	Raiz_1mes_A3	22	A3.6.7
A3.8.1.A	AGGCAGAAAAGGAGTA	GACTACHVGGGTATCTAATCC	A3	A	Aereo	1mes	Aereo_1mes	A_Aereo_1mes	Aereo_1mes_A3	23	A3.8.1
A3.8.1.R	AGGCAGAACTAAGCCT	GACTACHVGGGTATCTAATCC	A3	A	Raiz	1mes	Raiz_1mes	A_Raiz_1mes	Raiz_1mes_A3	24	A3.8.1
B23.2.7.aR	AGGCAGAACTAAGCCT	GACTACHVGGGTATCTAATCC	B2	B	Raiz	5meses	Raiz_5meses	B_Raiz_5meses	Raiz_5meses_B2	101	B.2.3.2
B3.2.7.a	GCTACGCTCTAAGCCT	GACTACHVGGGTATCTAATCC	B3	B	Rhizoplano	5meses	Rhizoplano_5meses	B_Rhizoplano_5meses	Rhizoplano_5meses_B3	72	B.2.3.2
B3.2.7.aA	CTCTCTACTATCCTCT	GACTACHVGGGTATCTAATCC	B3	B	Aereo	5meses	Aereo_5meses	B_Aereo_5meses	Aereo_5meses_B3	128	B.2.3.2
B1.2.4.35bA	GGACTCCTACTGCATA	GACTACHVGGGTATCTAATCC	B1	B	Aereo	5meses	Aereo_5meses	B_Aereo_5meses	Aereo_5meses_B1	115	B1.2.4.1
B1.2.4.b	GCTACGCTCTCTCTAT	GACTACHVGGGTATCTAATCC	B1	B	Rhizoplano	5meses	Rhizoplano_5meses	B_Rhizoplano_5meses	Rhizoplano_5meses_B1	66	B1.2.4.1
B1.2.4.bR	CGTACTAGTATCCTCT	GACTACHVGGGTATCTAATCC	B1	B	Raiz	5meses	Raiz_5meses	B_Raiz_5meses	Raiz_5meses_B1	88	B1.2.4.1
B1.2.4.35aA	CTCTCTACAGAGTAGA	GACTACHVGGGTATCTAATCC	B1	B	Aereo	5meses	Aereo_5meses	B_Aereo_5meses	Aereo_5meses_B1	129	B1.2.4.2
B1.2.4.a	GCTACGCTTAGATCGC	GACTACHVGGGTATCTAATCC	B1	B	Rhizoplano	5meses	Rhizoplano_5meses	B_Rhizoplano_5meses	Rhizoplano_5meses_B1	65	B1.2.4.2
B1.2.4.aR	TCCTGAGCTAGATCGC	GACTACHVGGGTATCTAATCC	B1	B	Raiz	5meses	Raiz_5meses	B_Raiz_5meses	Raiz_5meses_B1	102	B1.2.4.2
B1.2.7.As	TCCTGAGCTAGATCGC	GACTACHVGGGTATCTAATCC	B1	B	Aereo	1mes	Aereo_1mes	B_Aereo_1mes	Aereo_1mes_B1	25	B1.2.7
B1.2.7.Rs	TCCTGAGCCTCTCTAT	GACTACHVGGGTATCTAATCC	B1	B	Raiz	1mes	Raiz_1mes	B_Raiz_1mes	Raiz_1mes_B1	26	B1.2.7
B1.4.6.As	TCCTGAGCTATCCTCT	GACTACHVGGGTATCTAATCC	B1	B	Aereo	1mes	Aereo_1mes	B_Aereo_1mes	Aereo_1mes_B1	27	B1.4.6
B1.4.6.Rs	TCCTGAGCAGAGTAGA	GACTACHVGGGTATCTAATCC	B1	B	Raiz	1mes	Raiz_1mes	B_Raiz_1mes	Raiz_1mes_B1	28	B1.4.6
B2.1.7.A1	TCCTGAGCGTAAGGAG	GACTACHVGGGTATCTAATCC	B2	B	Aereo	1mes	Aereo_1mes	B_Aereo_1mes	Aereo_1mes_B2	29	B2.1.7
B2.1.7.R1	TCCTGAGCACTGCATA	GACTACHVGGGTATCTAATCC	B2	B	Raiz	1mes	Raiz_1mes	B_Raiz_1mes	Raiz_1mes_B2	30	B2.1.7
B1.1.7.b	GCTACGCTAGAGTAGA	GACTACHVGGGTATCTAATCC	B1	B	Rhizoplano	5meses	Rhizoplano_5meses	B_Rhizoplano_5meses	Rhizoplano_5meses_B1	68	B2.1.7.1
B2.1.7.bA	GGACTCCTTATCCTCT	GACTACHVGGGTATCTAATCC	B2	B	Aereo	5meses	Aereo_5meses	B_Aereo_5meses	Aereo_5meses_B2	112	B2.1.7.1
B2.1.7.bR	TAAGGCGACTAAGCCT	GACTACHVGGGTATCTAATCC	B2	B	Raiz	5meses	Raiz_5meses	B_Raiz_5meses	Raiz_5meses_B2	85	B2.1.7.1
B1.1.7.a	GCTACGCTTATCCTCT	GACTACHVGGGTATCTAATCC	B1	B	Rhizoplano	5meses	Rhizoplano_5meses	B_Rhizoplano_5meses	Rhizoplano_5meses_B1	67	B2.1.7.2
B2.1.7.aA	GGACTCCTGTAAGGAG	GACTACHVGGGTATCTAATCC	B2	B	Aereo	5meses	Aereo_5meses	B_Aereo_5meses	Aereo_5meses_B2	114	B2.1.7.2
B2.1.7.aR	CGTACTAGCTCTCTAT	GACTACHVGGGTATCTAATCC	B2	B	Raiz	5meses	Raiz_5meses	B_Raiz_5meses	Raiz_5meses_B2	87	B2.1.7.2
B2.10.10.b	GCTACGCTAAGGAGTA	GACTACHVGGGTATCTAATCC	B2	B	Rhizoplano	5meses	Rhizoplano_5meses	B_Rhizoplano_5meses	Rhizoplano_5meses_B2	71	B2.10.1
B2.10.10.bA	TAGGCATGAGAGTAGA	GACTACHVGGGTATCTAATCC	B2	B	Aereo	5meses	Aereo_5meses	B_Aereo_5meses	Aereo_5meses_B2	121	B2.10.1
B2.10.10.bR	AGGCAGAATAGATCGC	GACTACHVGGGTATCTAATCC	B2	B	Raiz	5meses	Raiz_5meses	B_Raiz_5meses	Raiz_5meses_B2	94	B2.10.1
B2.10.10.A	GGACTCCTAAGGAGTA	GACTACHVGGGTATCTAATCC	B2	B	Aereo	1mes	Aereo_1mes	B_Aereo_1mes	Aereo_1mes_B2	39	B2.10.10
B2.10.10.R	GGACTCCTCTAAGCCT	GACTACHVGGGTATCTAATCC	B2	B	Raiz	1mes	Raiz_1mes	B_Raiz_1mes	Raiz_1mes_B2	40	B2.10.10
B2.10.10.a	GCTACGCTACTGCATA	GACTACHVGGGTATCTAATCC	B2	B	Rhizoplano	5meses	Rhizoplano_5meses	B_Rhizoplano_5meses	Rhizoplano_5meses_B2	70	B2.10.2
B2.10.10.aA	GGACTCCTCTCTCTAT	GACTACHVGGGTATCTAATCC	B2	B	Aereo	5meses	Aereo_5meses	B_Aereo_5meses	Aereo_5meses_B2	111	B2.10.2
B2.10.10.aR	TAAGGCGAAAGGAGTA	GACTACHVGGGTATCTAATCC	B2	B	Raiz	5meses	Raiz_5meses	B_Raiz_5meses	Raiz_5meses_B2	84	B2.10.2
B2.4.9.	GCTACGCTGTAAGGAG	GACTACHVGGGTATCTAATCC	B2	B	Rhizoplano	5meses	Rhizoplano_5meses	B_Rhizoplano_5meses	Rhizoplano_5meses_B2	69	B2.4.9.1
B2.4.9.A.	GGACTCCTAAGGAGTA	GACTACHVGGGTATCTAATCC	B2	B	Aereo	5meses	Aereo_5meses	B_Aereo_5meses	Aereo_5meses_B2	116	B2.4.9.1
B2.4.9.R.	CGTACTAGAGAGTAGA	GACTACHVGGGTATCTAATCC	B2	B	Raiz	5meses	Raiz_5meses	B_Raiz_5meses	Raiz_5meses_B2	89	B2.4.9.1
B2.4.9.A	TCCTGAGCAAGGAGTA	GACTACHVGGGTATCTAATCC	B2	B	Aereo	1mes	Aereo_1mes	B_Aereo_1mes	Aereo_1mes_B2	31	B2.4.9.1.D
B2.4.9.R	TCCTGAGCCTAAGCCT	GACTACHVGGGTATCTAATCC	B2	B	Raiz	1mes	Raiz_1mes	B_Raiz_1mes	Raiz_1mes_B2	32	B2.4.9.1.D
B2.4.9.Ag	GGACTCCTTAGATCGC	GACTACHVGGGTATCTAATCC	B2	B	Aereo	1mes	Aereo_1mes	B_Aereo_1mes	Aereo_1mes_B2	33	B2.4.9.C
B2.4.9.Rg	GGACTCCTCTCTCTAT	GACTACHVGGGTATCTAATCC	B2	B	Raiz	1mes	Raiz_1mes	B_Raiz_1mes	Raiz_1mes_B2	34	B2.4.9.C
B2.5.2.A	GGACTCCTTATCCTCT	GACTACHVGGGTATCTAATCC	B2	B	Aereo	1mes	Aereo_1mes	B_Aereo_1mes	Aereo_1mes_B2	35	B2.5.2
B2.5.2.R	GGACTCCTAGAGTAGA	GACTACHVGGGTATCTAATCC	B2	B	Raiz	1mes	Raiz_1mes	B_Raiz_1mes	Raiz_1mes_B2	36	B2.5.2
B2.8.3.A	GGACTCCTGTAAGGAG	GACTACHVGGGTATCTAATCC	B2	B	Aereo	1mes	Aereo_1mes	B_Aereo_1mes	Aereo_1mes_B2	37	B2.8.3
B2.8.3.R	GGACTCCTACTGCATA	GACTACHVGGGTATCTAATCC	B2	B	Raiz	1mes	Raiz_1mes	B_Raiz_1mes	Raiz_1mes_B2	38	B2.8.3
B3.2.3.32	CGAGGCTGGTAAGGAG	GACTACHVGGGTATCTAATCC	B3	B	Rhizoplano	5meses	Rhizoplano_5meses	B_Rhizoplano_5meses	Rhizoplano_5meses_B3	77	B3.2.3.1
B3.2.3.32A	CTCTCTACCTCTCTAT	GACTACHVGGGTATCTAATCC	B3	B	Aereo	5meses	Aereo_5meses	B_Aereo_5meses	Aereo_5meses_B3	127	B3.2.3.1
B3.2.3.R	AGGCAGAAAAGGAGTA	GACTACHVGGGTATCTAATCC	B3	B	Raiz	5meses	Raiz_5meses	B_Raiz_5meses	Raiz_5meses_B3	100	B3.2.3.1
B3.2.7.A	TAGGCATGTAGATCGC	GACTACHVGGGTATCTAATCC	B3	B	Aereo	1mes	Aereo_1mes	B_Aereo_1mes	Aereo_1mes_B3	41	B3.2.7
B3.2.7.R	TAGGCATGCTCTCTAT	GACTACHVGGGTATCTAATCC	B3	B	Raiz	1mes	Raiz_1mes	B_Raiz_1mes	Raiz_1mes_B3	42	B3.2.7
B3.2.7.b	CGAGGCTGTAGATCGC	GACTACHVGGGTATCTAATCC	B3	B	Rhizoplano	5meses	Rhizoplano_5meses	B_Rhizoplano_5meses	Rhizoplano_5meses_B3	73	B3.2.7.1
B3.2.7.bA	CTCTCTACACTGCATA	GACTACHVGGGTATCTAATCC	B3	B	Aereo	5meses	Aereo_5meses	B_Aereo_5meses	Aereo_5meses_B3	131	B3.2.7.1
B3.2.7.bR	TCCTGAGCTATCCTCT	GACTACHVGGGTATCTAATCC	B3	B	Raiz	5meses	Raiz_5meses	B_Raiz_5meses	Raiz_5meses_B3	104	B3.2.7.1
B3.4.1.A	TAGGCATGTATCCTCT	GACTACHVGGGTATCTAATCC	B3	B	Aereo	1mes	Aereo_1mes	B_Aereo_1mes	Aereo_1mes_B3	43	B3.4.1
B3.4.1.R	TAGGCATGAGAGTAGA	GACTACHVGGGTATCTAATCC	B3	B	Raiz	1mes	Raiz_1mes	B_Raiz_1mes	Raiz_1mes_B3	44	B3.4.1
B3.5.2.A	TAGGCATGGTAAGGAG	GACTACHVGGGTATCTAATCC	B3	B	Aereo	1mes	Aereo_1mes	B_Aereo_1mes	Aereo_1mes_B3	45	B3.5.2
B3.5.2.R	TAGGCATGACTGCATA	GACTACHVGGGTATCTAATCC	B3	B	Raiz	1mes	Raiz_1mes	B_Raiz_1mes	Raiz_1mes_B3	46	B3.5.2
B3.8.3.A	TAGGCATGAAGGAGTA	GACTACHVGGGTATCTAATCC	B3	B	Aereo	1mes	Aereo_1mes	B_Aereo_1mes	Aereo_1mes_B3	47	B3.8.3
B3.8.3.R	TAGGCATGCTAAGCCT	GACTACHVGGGTATCTAATCC	B3	B	Raiz	1mes	Raiz_1mes	B_Raiz_1mes	Raiz_1mes_B3	48	B3.8.3
B3.9.9.A	CTCTCTACTAGATCGC	GACTACHVGGGTATCTAATCC	B3	B	Aereo	1mes	Aereo_1mes	B_Aereo_1mes	Aereo_1mes_B3	49	B3.9.9
B3.9.9.R	CTCTCTACCTCTCTAT	GACTACHVGGGTATCTAATCC	B3	B	Raiz	1mes	Raiz_1mes	B_Raiz_1mes	Raiz_1mes_B3	50	B3.9.9
B3.9.9.35cA	GGACTCCTTAGATCGC	GACTACHVGGGTATCTAATCC	B3	B	Aereo	5meses	Aereo_5meses	B_Aereo_5meses	Aereo_5meses_B3	110	B3.9.9.1
B3.9.9.35cR	TAAGGCGAACTGCATA	GACTACHVGGGTATCTAATCC	B3	B	Raiz	5meses	Raiz_5meses	B_Raiz_5meses	Raiz_5meses_B3	83	B3.9.9.1
B3.9.9.c	CGAGGCTGAGAGTAGA	GACTACHVGGGTATCTAATCC	B3	B	Rhizoplano	5meses	Rhizoplano_5meses	B_Rhizoplano_5meses	Rhizoplano_5meses_B3	76	B3.9.9.1
B3.9.9.35aA	CTCTCTACTAGATCGC	GACTACHVGGGTATCTAATCC	B3	B	Aereo	5meses	Aereo_5meses	B_Aereo_5meses	Aereo_5meses_B3	126	B3.9.9.2
B3.9.9.a	CGAGGCTGCTCTCTAT	GACTACHVGGGTATCTAATCC	B3	B	Rhizoplano	5meses	Rhizoplano_5meses	B_Rhizoplano_5meses	Rhizoplano_5meses_B3	74	B3.9.9.2
B3.9.9.bR	CGTACTAGTAGATCGC	GACTACHVGGGTATCTAATCC	B3	B	Raiz	5meses	Raiz_5meses	B_Raiz_5meses	Raiz_5meses_B3	86	B3.9.9.2
B3.9.9.35A	GGACTCCTAGAGTAGA	GACTACHVGGGTATCTAATCC	B3	B	Aereo	5meses	Aereo_5meses	B_Aereo_5meses	Aereo_5meses_B3	113	B3.9.9.3
B3.9.9.b	CGAGGCTGTATCCTCT	GACTACHVGGGTATCTAATCC	B3	B	Rhizoplano	5meses	Rhizoplano_5meses	B_Rhizoplano_5meses	Rhizoplano_5meses_B3	75	B3.9.9.3
B3.9.9.dR	AGGCAGAAACTGCATA	GACTACHVGGGTATCTAATCC	B3	B	Raiz	5meses	Raiz_5meses	B_Raiz_5meses	Raiz_5meses_B3	99	B3.9.9.3
